repo name,repo size, repo clone url
apache/kafka,83151,https://github.com/apache/kafka.git
logstash/log4j-jsonevent-layout,591,https://github.com/logstash/log4j-jsonevent-layout.git
t0xa/gelfj,278,https://github.com/t0xa/gelfj.git
Netflix/blitz4j,1247,https://github.com/Netflix/blitz4j.git
monitorjbl/excel-streaming-reader,22681,https://github.com/monitorjbl/excel-streaming-reader.git
chenhaoxiang/Java,182634,https://github.com/chenhaoxiang/Java.git
yandex-qatools/postgresql-embedded,309,https://github.com/yandex-qatools/postgresql-embedded.git
aws/aws-lambda-java-libs,102,https://github.com/aws/aws-lambda-java-libs.git
linkedin/ambry,15525,https://github.com/linkedin/ambry.git
pstehlik/gelf4j,5283,https://github.com/pstehlik/gelf4j.git
mp911de/logstash-gelf,1353,https://github.com/mp911de/logstash-gelf.git
EspressifApp/IOT-Espressif-Android,9691,https://github.com/EspressifApp/IOT-Espressif-Android.git
VKCOM/vk-java-sdk,2041,https://github.com/VKCOM/vk-java-sdk.git
otros-systems/otroslogviewer,8314,https://github.com/otros-systems/otroslogviewer.git
amazon-archives/kinesis-log4j-appender,32,https://github.com/amazon-archives/kinesis-log4j-appender.git
getsentry/sentry-java,6078,https://github.com/getsentry/sentry-java.git
Tencent/MSEC,40162,https://github.com/Tencent/MSEC.git
xwjie/PLMCodeTemplate,4226,https://github.com/xwjie/PLMCodeTemplate.git
arimus/jmimemagic,246,https://github.com/arimus/jmimemagic.git
qos-ch/slf4j,10388,https://github.com/qos-ch/slf4j.git
naveenanimation20/PageObjectModel,4777,https://github.com/naveenanimation20/PageObjectModel.git
flyingsaucerproject/flyingsaucer,61612,https://github.com/flyingsaucerproject/flyingsaucer.git
OpenHFT/Chronicle-Logger,7625,https://github.com/OpenHFT/Chronicle-Logger.git
SergeyPirogov/video-recorder-java,3887,https://github.com/SergeyPirogov/video-recorder-java.git
fengyouchao/sockslib,641,https://github.com/fengyouchao/sockslib.git
hibernate/hibernate-validator,28854,https://github.com/hibernate/hibernate-validator.git
xtuhcy/socks5-netty,4139,https://github.com/xtuhcy/socks5-netty.git
timveil/hive-jdbc-uber-jar,3904,https://github.com/timveil/hive-jdbc-uber-jar.git
AuthorizeNet/sdk-java,8349,https://github.com/AuthorizeNet/sdk-java.git
apache/incubator-dubbo-spring-boot-project,1224,https://github.com/apache/incubator-dubbo-spring-boot-project.git
prometheus/client_java,3363,https://github.com/prometheus/client_java.git
VanRoy/spring-data-jest,6338,https://github.com/VanRoy/spring-data-jest.git
RobertStewart/log4mongo-java,261,https://github.com/RobertStewart/log4mongo-java.git
jsampson/prevayler,6573,https://github.com/jsampson/prevayler.git
javabeanz/owasp-security-logging,260,https://github.com/javabeanz/owasp-security-logging.git
bluedenim/log4j-s3-search,260,https://github.com/bluedenim/log4j-s3-search.git
pinterest/secor,1790,https://github.com/pinterest/secor.git
Javacord/Javacord,4739,https://github.com/Javacord/Javacord.git
SumoLogic/sumo-log4j-appender,110,https://github.com/SumoLogic/sumo-log4j-appender.git
sofastack/sofa-common-tools,223,https://github.com/sofastack/sofa-common-tools.git
Javen205/IJPay,20963,https://github.com/Javen205/IJPay.git
amzn/amazon-pay-sdk-java,12868,https://github.com/amzn/amazon-pay-sdk-java.git
splunk/splunk-library-javalogging,27080,https://github.com/splunk/splunk-library-javalogging.git
e-Spirit/FSDevTools,1236,https://github.com/e-Spirit/FSDevTools.git
rfoltyns/log4j2-elasticsearch,604,https://github.com/rfoltyns/log4j2-elasticsearch.git
airbnb/reair,962,https://github.com/airbnb/reair.git
Comcast/jrugged,1312,https://github.com/Comcast/jrugged.git
tuguangquan/mybatis,50805,https://github.com/tuguangquan/mybatis.git
Yubico/yubico-java-client,598,https://github.com/Yubico/yubico-java-client.git
dadoonet/spring-elasticsearch,645,https://github.com/dadoonet/spring-elasticsearch.git
qjx378/wenku,1014,https://github.com/qjx378/wenku.git
speedwing/log4j-cloudwatch-appender,46,https://github.com/speedwing/log4j-cloudwatch-appender.git
microsoft/ApplicationInsights-Java,5858,https://github.com/microsoft/ApplicationInsights-Java.git
w3c/Unicorn,58960,https://github.com/w3c/Unicorn.git
xresloader/xresloader,35465,https://github.com/xresloader/xresloader.git
guduyt/SSM,818,https://github.com/guduyt/SSM.git
aliyun/aliyun-log-log4j-appender,114,https://github.com/aliyun/aliyun-log-log4j-appender.git
vangao1989/cloudE,1157,https://github.com/vangao1989/cloudE.git
yavijava/yavijava,4283,https://github.com/yavijava/yavijava.git
nidi3/graphviz-java,6674,https://github.com/nidi3/graphviz-java.git
huxi/lilith,21380,https://github.com/huxi/lilith.git
jpush/jsms-api-java-client,838,https://github.com/jpush/jsms-api-java-client.git
jpush/jmessage-api-java-client,1464,https://github.com/jpush/jmessage-api-java-client.git
vy/log4j2-logstash-layout,367,https://github.com/vy/log4j2-logstash-layout.git
yangzhenkun/krpc,10049,https://github.com/yangzhenkun/krpc.git
dtrott/maven-thrift-plugin,283,https://github.com/dtrott/maven-thrift-plugin.git
naver/pinpoint,219690,https://github.com/naver/pinpoint.git
mihnita/java-color-loggers,99,https://github.com/mihnita/java-color-loggers.git
realityforge/gelf4j,567,https://github.com/realityforge/gelf4j.git
lusis/zmq-appender,196,https://github.com/lusis/zmq-appender.git
googleads/google-ads-java,7509,https://github.com/googleads/google-ads-java.git
apache/karaf,61559,https://github.com/apache/karaf.git
rstoyanchev/spring-websocket-portfolio,893,https://github.com/rstoyanchev/spring-websocket-portfolio.git
pumadong/cl-roadshow,541,https://github.com/pumadong/cl-roadshow.git
treasure-data/kafka-fluentd-consumer,157,https://github.com/treasure-data/kafka-fluentd-consumer.git
aws-samples/eb-tomcat-snakes,7207,https://github.com/aws-samples/eb-tomcat-snakes.git
bwaldvogel/log4j-systemd-journal-appender,289,https://github.com/bwaldvogel/log4j-systemd-journal-appender.git
springframeworkguru/blogposts,931,https://github.com/springframeworkguru/blogposts.git
Flowingsun007/LyonBlog,189320,https://github.com/Flowingsun007/LyonBlog.git
songxinjianqwe/Chat,7875,https://github.com/songxinjianqwe/Chat.git
att/music,173296,https://github.com/att/music.git
bluetata/crawler-jsoup-maven,145,https://github.com/bluetata/crawler-jsoup-maven.git
IBM/blockchain-application-using-fabric-java-sdk,721,https://github.com/IBM/blockchain-application-using-fabric-java-sdk.git
arcao/slf4j-timber,161,https://github.com/arcao/slf4j-timber.git
ron190/jsql-injection,7065,https://github.com/ron190/jsql-injection.git
b3log/xiaov,5022,https://github.com/b3log/xiaov.git
confluentinc/kafka-streams-examples,2258,https://github.com/confluentinc/kafka-streams-examples.git
cloudera/logredactor,122,https://github.com/cloudera/logredactor.git
jasonray/jersey-starterkit,22205,https://github.com/jasonray/jersey-starterkit.git
fossasia/neurolab-desktop,11107,https://github.com/fossasia/neurolab-desktop.git
wso2/ballerina-message-broker,5012,https://github.com/wso2/ballerina-message-broker.git
salesforce-marketingcloud/FuelSDK-Java,8200,https://github.com/salesforce-marketingcloud/FuelSDK-Java.git
Zoutao6/examination_system-,2043,https://github.com/Zoutao6/examination_system-.git
SwingFrog/Summer,28987,https://github.com/SwingFrog/Summer.git
fluent/fluent-logger-java,621,https://github.com/fluent/fluent-logger-java.git
jpush/jpush-api-java-client,12427,https://github.com/jpush/jpush-api-java-client.git
20100507/emotional_analysis,12309,https://github.com/20100507/emotional_analysis.git
gsdenys/alfresco-bulk-export,215,https://github.com/gsdenys/alfresco-bulk-export.git
nextcloud/android-library,13390,https://github.com/nextcloud/android-library.git
skill6/skill6-website-backend,5265,https://github.com/skill6/skill6-website-backend.git
axbaretto/kafka,27947,https://github.com/axbaretto/kafka.git
igvteam/igv,410642,https://github.com/igvteam/igv.git
MartinDai/weChatRobot,84,https://github.com/MartinDai/weChatRobot.git
jscep/jscep,8711,https://github.com/jscep/jscep.git
angryelectron/thingspeak-java,2785,https://github.com/angryelectron/thingspeak-java.git
Tradeshift/ts-reaktive,1097,https://github.com/Tradeshift/ts-reaktive.git
rapid7/le_java,286,https://github.com/rapid7/le_java.git
sanaehirotaka/logbook-kai,2897,https://github.com/sanaehirotaka/logbook-kai.git
xtuhcy/gecco,983,https://github.com/xtuhcy/gecco.git
apache/wicket,123605,https://github.com/apache/wicket.git
msdk/msdk,213276,https://github.com/msdk/msdk.git
rackerlabs/blueflood,11450,https://github.com/rackerlabs/blueflood.git
awslabs/dynamodb-cross-region-library,1593,https://github.com/awslabs/dynamodb-cross-region-library.git
zelandiya/maui-standalone,144,https://github.com/zelandiya/maui-standalone.git
palantir/gradle-baseline,1478,https://github.com/palantir/gradle-baseline.git
javadelight/delight-nashorn-sandbox,489,https://github.com/javadelight/delight-nashorn-sandbox.git
synapticloop/backblaze-b2-java-api,1257,https://github.com/synapticloop/backblaze-b2-java-api.git
jpush/jiguang-java-client-common,5065,https://github.com/jpush/jiguang-java-client-common.git
dav3860/vmbix,629,https://github.com/dav3860/vmbix.git
apache/jspwiki,52586,https://github.com/apache/jspwiki.git
savoirtech/slf4j-json-logger,125,https://github.com/savoirtech/slf4j-json-logger.git
mygreen/xlsmapper,44266,https://github.com/mygreen/xlsmapper.git
mplushnikov/lombok-intellij-plugin,16903,https://github.com/mplushnikov/lombok-intellij-plugin.git
egzosn/pay-java-parent,1301,https://github.com/egzosn/pay-java-parent.git
in28minutes/SpringMvcStepByStep,469,https://github.com/in28minutes/SpringMvcStepByStep.git
kredel/java-algebra-system,12510,https://github.com/kredel/java-algebra-system.git
harbby/sylph,5444,https://github.com/harbby/sylph.git
HongZhaoHua/jstarcraft-core,875,https://github.com/HongZhaoHua/jstarcraft-core.git
Crab2died/log4j-redis-appender,220,https://github.com/Crab2died/log4j-redis-appender.git
helloShen/leetcode-helper,71521,https://github.com/helloShen/leetcode-helper.git
JaceyRx/Examination_System,884,https://github.com/JaceyRx/Examination_System.git
aliyun/aliyun-log-log4j2-appender,96,https://github.com/aliyun/aliyun-log-log4j2-appender.git
mygreen/super-csv-annotation,22201,https://github.com/mygreen/super-csv-annotation.git
banzaicloud/apache-kafka-on-k8s,59215,https://github.com/banzaicloud/apache-kafka-on-k8s.git
SAP/cf-java-logging-support,394,https://github.com/SAP/cf-java-logging-support.git
hotelbeds-sdk/hotel-api-sdk-java,2854,https://github.com/hotelbeds-sdk/hotel-api-sdk-java.git
kdgregory/log4j-aws-appenders,1212,https://github.com/kdgregory/log4j-aws-appenders.git
neoremind/fluent-validator,250,https://github.com/neoremind/fluent-validator.git
prestodb/tempto,2918,https://github.com/prestodb/tempto.git
Netflix/s3mper,146,https://github.com/Netflix/s3mper.git
reportportal/logger-java-log4j,119,https://github.com/reportportal/logger-java-log4j.git
lemonJun/TakinRPC,645,https://github.com/lemonJun/TakinRPC.git
wanghan0501/WiFiProbeAnalysis,6117,https://github.com/wanghan0501/WiFiProbeAnalysis.git
Azure/azure-cosmosdb-java,4115,https://github.com/Azure/azure-cosmosdb-java.git
RAOE/RunnerManager,71066,https://github.com/RAOE/RunnerManager.git
christ66/cobertura,28794,https://github.com/christ66/cobertura.git
imbugs/simperf,168,https://github.com/imbugs/simperf.git
LovelyBear2018/MyHttpClient,331,https://github.com/LovelyBear2018/MyHttpClient.git
AichaelLee/zeusSpring,8979,https://github.com/AichaelLee/zeusSpring.git
code4wt/mybatis-test,34,https://github.com/code4wt/mybatis-test.git
xiancloud/xian,4170,https://github.com/xiancloud/xian.git
tobecrazy/appiumDemo,630154,https://github.com/tobecrazy/appiumDemo.git
usnistgov/jsip,14343,https://github.com/usnistgov/jsip.git
pascalpoizat/template-java-project,173,https://github.com/pascalpoizat/template-java-project.git
uavorg/uavstack,17077,https://github.com/uavorg/uavstack.git
yzcheng90/X-SpringBoot,3403,https://github.com/yzcheng90/X-SpringBoot.git
AtomGraph/Processor,1135,https://github.com/AtomGraph/Processor.git
visallo/vertexium,16804,https://github.com/visallo/vertexium.git
momosecurity/rhizobia_J,65,https://github.com/momosecurity/rhizobia_J.git
ggeorgovassilis/spring-rest-invoker,2024,https://github.com/ggeorgovassilis/spring-rest-invoker.git
wangl1989/mysiteforme,6530,https://github.com/wangl1989/mysiteforme.git
wtekiela/opensub4j,12728,https://github.com/wtekiela/opensub4j.git
fforw/svenson,3020,https://github.com/fforw/svenson.git
PeachShrubFizz/GdeiAssistant,9439,https://github.com/PeachShrubFizz/GdeiAssistant.git
VoltDB/voltdb,634085,https://github.com/VoltDB/voltdb.git
vy/log4j2-redis-appender,69,https://github.com/vy/log4j2-redis-appender.git
Qihoo360/XLearning,131640,https://github.com/Qihoo360/XLearning.git
MyCATApache/Mycat-Server,18141,https://github.com/MyCATApache/Mycat-Server.git
butter-fly/belling-admin,2329,https://github.com/butter-fly/belling-admin.git
zaiyunduan123/netty-rpc,55,https://github.com/zaiyunduan123/netty-rpc.git
MSaifAsif/sample-skeleton-projects,9093,https://github.com/MSaifAsif/sample-skeleton-projects.git
jonathanlermitage/tikione-steam-cleaner,16503,https://github.com/jonathanlermitage/tikione-steam-cleaner.git
lets-mica/mica,575,https://github.com/lets-mica/mica.git
qiniu/qiniu-logging-plugin,645,https://github.com/qiniu/qiniu-logging-plugin.git
ITPAPER/mysql-table-document-creator,14111,https://github.com/ITPAPER/mysql-table-document-creator.git
dlcs/elucidate-server,560,https://github.com/dlcs/elucidate-server.git
EinsamHauer/disthene-reader,1345,https://github.com/EinsamHauer/disthene-reader.git
jitwxs/Online_Study_System,884,https://github.com/jitwxs/Online_Study_System.git
fbacchella/LogHub,33213,https://github.com/fbacchella/LogHub.git
mmazi/rescu,545,https://github.com/mmazi/rescu.git
sikoried/jstk,1538,https://github.com/sikoried/jstk.git
drftpd-ng/drftpd3,478030,https://github.com/drftpd-ng/drftpd3.git
kingston-csj/jforgame,767,https://github.com/kingston-csj/jforgame.git
dengjifu/SpringBoot-Learning,112,https://github.com/dengjifu/SpringBoot-Learning.git
Huomen/highdsa,5149,https://github.com/Huomen/highdsa.git
junit-pioneer/junit-pioneer,380,https://github.com/junit-pioneer/junit-pioneer.git
yangxiaobing175/contentManagerSystem,10319,https://github.com/yangxiaobing175/contentManagerSystem.git
gammaliu/tagme,317,https://github.com/gammaliu/tagme.git
svenkubiak/mangooio,44310,https://github.com/svenkubiak/mangooio.git
muyinchen/migo-security,2379,https://github.com/muyinchen/migo-security.git
CoffeeLatte007/slothlog,24,https://github.com/CoffeeLatte007/slothlog.git
webfolderio/cdp4j,2133,https://github.com/webfolderio/cdp4j.git
hao117/bee-apm,1371,https://github.com/hao117/bee-apm.git
gazbert/bxbot,4176,https://github.com/gazbert/bxbot.git
StevenWash/xxshop,6689,https://github.com/StevenWash/xxshop.git
oldratlee/log4j2-ttl-thread-context-map,91,https://github.com/oldratlee/log4j2-ttl-thread-context-map.git
aerospike/aerospike-loader,152,https://github.com/aerospike/aerospike-loader.git
ronniedong/Expect-for-Java,116,https://github.com/ronniedong/Expect-for-Java.git
datacite/mds,2610,https://github.com/datacite/mds.git
ApptuitAI/JInsight,1006,https://github.com/ApptuitAI/JInsight.git
shuzheng/zheng,41239,https://github.com/shuzheng/zheng.git
vbauer/herald,658,https://github.com/vbauer/herald.git
jembi/openxds,87051,https://github.com/jembi/openxds.git
Ethanim/seckill,592,https://github.com/Ethanim/seckill.git
backkoms/web-api-demo,128,https://github.com/backkoms/web-api-demo.git
ygaller/spark-with-request-logger,8,https://github.com/ygaller/spark-with-request-logger.git
864381832/xJavaFxTool,279715,https://github.com/864381832/xJavaFxTool.git
EinsamHauer/disthene,291,https://github.com/EinsamHauer/disthene.git
duhanmin/Spark-Streaming,22,https://github.com/duhanmin/Spark-Streaming.git
lennartkoopmann/nzyme,2670,https://github.com/lennartkoopmann/nzyme.git
MicroFocus/ALMOctaneJavaRESTSDK,2538,https://github.com/MicroFocus/ALMOctaneJavaRESTSDK.git
cs-au-dk/TAJS,73253,https://github.com/cs-au-dk/TAJS.git
abused/World-Border,7548,https://github.com/abused/World-Border.git
benmfaul/XRTB,213837,https://github.com/benmfaul/XRTB.git
couchbase/couchbase-jvm-core,4873,https://github.com/couchbase/couchbase-jvm-core.git
eclipse/gemini.blueprint,11769,https://github.com/eclipse/gemini.blueprint.git
guardian/kinesis-logback-appender,86,https://github.com/guardian/kinesis-logback-appender.git
NoraUi/NoraUi,206241,https://github.com/NoraUi/NoraUi.git
sontx/chat-socket,4085,https://github.com/sontx/chat-socket.git
awslabs/aws-serverless-java-archetype,15,https://github.com/awslabs/aws-serverless-java-archetype.git
zhanggh/mtools,4030,https://github.com/zhanggh/mtools.git
david78k/anarchyape,764,https://github.com/david78k/anarchyape.git
haifeiWu/disruptor-learn,14,https://github.com/haifeiWu/disruptor-learn.git
epam/java-cme-mdp3-handler,105216,https://github.com/epam/java-cme-mdp3-handler.git
ArturSpirin/YouTube-Appium-Framework,17280,https://github.com/ArturSpirin/YouTube-Appium-Framework.git
apifest/apifest-oauth20,472,https://github.com/apifest/apifest-oauth20.git
heimuheimu/naiveasync,357,https://github.com/heimuheimu/naiveasync.git
mspnp/ha-nva,38313,https://github.com/mspnp/ha-nva.git
chauth/confluence_http_authenticator,10249,https://github.com/chauth/confluence_http_authenticator.git
HewlettPackard/logger,299,https://github.com/HewlettPackard/logger.git
indeedeng/vowpal-wabbit-java,104651,https://github.com/indeedeng/vowpal-wabbit-java.git
backkoms/web-service-demo,85,https://github.com/backkoms/web-service-demo.git
ieg-vienna/TimeBench,3561,https://github.com/ieg-vienna/TimeBench.git
yahoo/sherlock,924,https://github.com/yahoo/sherlock.git
iotaledger/ict,2754,https://github.com/iotaledger/ict.git
8bitbuddhist/Java-Logging-Framework-Benchmark,67,https://github.com/8bitbuddhist/Java-Logging-Framework-Benchmark.git
ryiann/ssm-parent,83,https://github.com/ryiann/ssm-parent.git
archi-contribs/snow-import-plugin,42691,https://github.com/archi-contribs/snow-import-plugin.git
ymartineau/peers,4110,https://github.com/ymartineau/peers.git
EdisonChou/EDC.SpringBoot.Samples,392,https://github.com/EdisonChou/EDC.SpringBoot.Samples.git
bbossgroups/bboss-plugins,42961,https://github.com/bbossgroups/bboss-plugins.git
hakdogan/Java9-module-system-with-maven,614,https://github.com/hakdogan/Java9-module-system-with-maven.git
gzz2017gzz/spring-boot2-example,1174,https://github.com/gzz2017gzz/spring-boot2-example.git
forax/beautiful_logger,200,https://github.com/forax/beautiful_logger.git
egojit8/easyweb,7539,https://github.com/egojit8/easyweb.git
geekbeast/rhizome,1855,https://github.com/geekbeast/rhizome.git
Tomandy08/ApiAutoTest,74,https://github.com/Tomandy08/ApiAutoTest.git
MOBX/mobpush-api-java-client,2132,https://github.com/MOBX/mobpush-api-java-client.git
ltsopensource/light-task-scheduler,99961,https://github.com/ltsopensource/light-task-scheduler.git
android10/frodo2,310,https://github.com/android10/frodo2.git
hzdavid/findConflicts,29,https://github.com/hzdavid/findConflicts.git
headwirecom/aem-ide-tooling-4-intellij,173285,https://github.com/headwirecom/aem-ide-tooling-4-intellij.git
JavaOPs/basejava,58,https://github.com/JavaOPs/basejava.git
suninformation/ymate-platform-v2,2347,https://github.com/suninformation/ymate-platform-v2.git
JavaWebinar/basejava,380,https://github.com/JavaWebinar/basejava.git
solita/kansalaisaloite,13509,https://github.com/solita/kansalaisaloite.git
jsendnsca/jsendnsca,314,https://github.com/jsendnsca/jsendnsca.git
bluemapleman/NewsRecommendSystem,2289,https://github.com/bluemapleman/NewsRecommendSystem.git
yegor256/takes,30685,https://github.com/yegor256/takes.git
spotify/heroic,8935,https://github.com/spotify/heroic.git
aliyun/aliyun-log-logback-appender,97,https://github.com/aliyun/aliyun-log-logback-appender.git
OpenEstate/OpenEstate-IO,9622,https://github.com/OpenEstate/OpenEstate-IO.git
ziqizhang/sti,327533,https://github.com/ziqizhang/sti.git
pellierd/pddl4j,22949,https://github.com/pellierd/pddl4j.git
songxinjianqwe/WebServer,408,https://github.com/songxinjianqwe/WebServer.git
epam/JDI,70668,https://github.com/epam/JDI.git
jiaoqiyuan/liaoxuefeng_javase,6321,https://github.com/jiaoqiyuan/liaoxuefeng_javase.git
liuwenru/FabricJavaSDKExamples,498,https://github.com/liuwenru/FabricJavaSDKExamples.git
pcafstockf/PokerFace,6995,https://github.com/pcafstockf/PokerFace.git
nsoft/jesterj,4529,https://github.com/nsoft/jesterj.git
haasted/TestLogCollectors,141,https://github.com/haasted/TestLogCollectors.git
3zamn/kingMicro,12590,https://github.com/3zamn/kingMicro.git
JAdmin-JAVA/JAdmin,14476,https://github.com/JAdmin-JAVA/JAdmin.git
assemblits/eru,30977,https://github.com/assemblits/eru.git
performancecopilot/parfait,2737,https://github.com/performancecopilot/parfait.git
bridgedb/BridgeDb,30082,https://github.com/bridgedb/BridgeDb.git
DV8FromTheWorld/JDA,25225,https://github.com/DV8FromTheWorld/JDA.git
dwing4g/jane,56013,https://github.com/dwing4g/jane.git
huaweicloud/huaweicloud-sdk-java-obs,777,https://github.com/huaweicloud/huaweicloud-sdk-java-obs.git
Nastel/tnt4j-stream-jmx,970,https://github.com/Nastel/tnt4j-stream-jmx.git
eBay/DASTProxy,90718,https://github.com/eBay/DASTProxy.git
logzio/jmx2graphite,163,https://github.com/logzio/jmx2graphite.git
nekolr/ssm-starter,393,https://github.com/nekolr/ssm-starter.git
Permafrost/Tundra.java,3760,https://github.com/Permafrost/Tundra.java.git
jxblum/spring-boot-gemfire-server-example,90,https://github.com/jxblum/spring-boot-gemfire-server-example.git
embulk/embulk-executor-mapreduce,338,https://github.com/embulk/embulk-executor-mapreduce.git
dingxin/proguard-maven-plugin,9,https://github.com/dingxin/proguard-maven-plugin.git
bigtester/automation-test-engine,248168,https://github.com/bigtester/automation-test-engine.git
apache/bigtop,44224,https://github.com/apache/bigtop.git
joyang1/slf4j4json,160,https://github.com/joyang1/slf4j4json.git
cyrilcc/org.openhab.binding.rflink,991,https://github.com/cyrilcc/org.openhab.binding.rflink.git
HewlettPackard/oneview-sdk-java,12086,https://github.com/HewlettPackard/oneview-sdk-java.git
shankybnl/selenium_BDD_framework,28869,https://github.com/shankybnl/selenium_BDD_framework.git
isaaceindhoven/isaac-dotcms-advancedsearch,5436,https://github.com/isaaceindhoven/isaac-dotcms-advancedsearch.git
jresoort/kafkastreams-workshop,90,https://github.com/jresoort/kafkastreams-workshop.git
microsoft/azure-chat-for-java,30154,https://github.com/microsoft/azure-chat-for-java.git
mengjiann/aws-lambda-s3,54,https://github.com/mengjiann/aws-lambda-s3.git
cheongwen/app-test,67,https://github.com/cheongwen/app-test.git
Programming-Systems-Lab/vmvm,6830,https://github.com/Programming-Systems-Lab/vmvm.git
PacktPublishing/Learn-Java-12-Programming,3479,https://github.com/PacktPublishing/Learn-Java-12-Programming.git
zondacker/DbHelper,123,https://github.com/zondacker/DbHelper.git
streamlio/pulsar-java-tutorial,133,https://github.com/streamlio/pulsar-java-tutorial.git
durimkryeziu/jersey-2.x-webapp-for-servlet-container,1107,https://github.com/durimkryeziu/jersey-2.x-webapp-for-servlet-container.git
shinians/springboot-demos,155,https://github.com/shinians/springboot-demos.git
codingXiaxw/seckill,21525,https://github.com/codingXiaxw/seckill.git
hupfdule/apron,151,https://github.com/hupfdule/apron.git
heimuheimu/naivemonitor,392,https://github.com/heimuheimu/naivemonitor.git
yahoo/xpath_proto_builder,105,https://github.com/yahoo/xpath_proto_builder.git
terrischwartz/tus_servlet,93,https://github.com/terrischwartz/tus_servlet.git
bbottema/simple-java-mail,7892,https://github.com/bbottema/simple-java-mail.git
NativeScript/functional-tests,902,https://github.com/NativeScript/functional-tests.git
smartnsoft/droid4me,19398,https://github.com/smartnsoft/droid4me.git
sensiasoft/lib-swe-common,3349,https://github.com/sensiasoft/lib-swe-common.git
wangguanquan/eec,2673,https://github.com/wangguanquan/eec.git
CODAIT/stocator,1214,https://github.com/CODAIT/stocator.git
dikhan/pagerduty-client,185,https://github.com/dikhan/pagerduty-client.git
jenkinsci/audit-log-plugin,119,https://github.com/jenkinsci/audit-log-plugin.git
eomcs/eomcs-java-project,565,https://github.com/eomcs/eomcs-java-project.git
xuminwlt/j360-boot-app-all,2282,https://github.com/xuminwlt/j360-boot-app-all.git
hisenyuan/SSM_BookSystem,227,https://github.com/hisenyuan/SSM_BookSystem.git
manrajgrover/InventoryManagement,27344,https://github.com/manrajgrover/InventoryManagement.git
awslabs/dynamodb-key-diagnostics-library,78,https://github.com/awslabs/dynamodb-key-diagnostics-library.git
yjmyzz/spring-oauth-server,182,https://github.com/yjmyzz/spring-oauth-server.git
pivotalguru/gplink,6952,https://github.com/pivotalguru/gplink.git
yandex-money-tech/log4j-count-appender,150,https://github.com/yandex-money-tech/log4j-count-appender.git
zenbones/SmallMind,23366,https://github.com/zenbones/SmallMind.git
Pokechu22/WorldDownloader-Serverside-Companion,224,https://github.com/Pokechu22/WorldDownloader-Serverside-Companion.git
shijiebei2009/RedisDirectory,82,https://github.com/shijiebei2009/RedisDirectory.git
tianzi94wob/task-schedule,495,https://github.com/tianzi94wob/task-schedule.git
Appdynamics/rabbitmq-monitoring-extension,337,https://github.com/Appdynamics/rabbitmq-monitoring-extension.git
reddr/LibScout,63007,https://github.com/reddr/LibScout.git
Netflix/iep,4196,https://github.com/Netflix/iep.git
OpenFeign/feign,2717,https://github.com/OpenFeign/feign.git
handsomezhou/XDesktopHelper,48149,https://github.com/handsomezhou/XDesktopHelper.git
nisicheng/Invoicing,21805,https://github.com/nisicheng/Invoicing.git
ApplauseOSS/ConsumerGraph,72,https://github.com/ApplauseOSS/ConsumerGraph.git
Minecrell/TerminalConsoleAppender,204,https://github.com/Minecrell/TerminalConsoleAppender.git
Scout24/yum-repo-server,2332,https://github.com/Scout24/yum-repo-server.git
MasatoKokubo/DebugTrace-java,339,https://github.com/MasatoKokubo/DebugTrace-java.git
nroduit/weasis-pacs-connector,484,https://github.com/nroduit/weasis-pacs-connector.git
sambenz/URingPaxos,2025,https://github.com/sambenz/URingPaxos.git
apifest/apifest,342,https://github.com/apifest/apifest.git
fang-yan-peng/eagle,27729,https://github.com/fang-yan-peng/eagle.git
reportportal/agent-java-testNG,382,https://github.com/reportportal/agent-java-testNG.git
acionescu/event-bus,176,https://github.com/acionescu/event-bus.git
matt-richardson/teamcity-octopus-build-trigger-plugin,9135,https://github.com/matt-richardson/teamcity-octopus-build-trigger-plugin.git
sunyinjie/logger-tools,13,https://github.com/sunyinjie/logger-tools.git
fengwenyi/ssm,14849,https://github.com/fengwenyi/ssm.git
SWAutoTester/automateit,232393,https://github.com/SWAutoTester/automateit.git
godaddy/godaddy-logger,110,https://github.com/godaddy/godaddy-logger.git
coderczp/Mycat_plus,20550,https://github.com/coderczp/Mycat_plus.git
geekidea/spring-boot-assembly,62,https://github.com/geekidea/spring-boot-assembly.git
huangjian888/jeeweb-mybatis-springboot,13319,https://github.com/huangjian888/jeeweb-mybatis-springboot.git
jpcsp/jpcsp,168249,https://github.com/jpcsp/jpcsp.git
tbwork/anole-loader,1047,https://github.com/tbwork/anole-loader.git
dadazao/yunplatform,27364,https://github.com/dadazao/yunplatform.git
MeYoung/cucumber_restassured,17,https://github.com/MeYoung/cucumber_restassured.git
Robin-jiangyufeng/LazyLogger,936,https://github.com/Robin-jiangyufeng/LazyLogger.git
stateIs0/interface21,11737,https://github.com/stateIs0/interface21.git
pokerfaceSad/JARVIS,12062,https://github.com/pokerfaceSad/JARVIS.git
Corvey/Exam-Online,3691,https://github.com/Corvey/Exam-Online.git
mh47838704/IMJavaSparrow,5287,https://github.com/mh47838704/IMJavaSparrow.git
kohsuke/libzfs4j,264,https://github.com/kohsuke/libzfs4j.git
1181888200/Study,2037,https://github.com/1181888200/Study.git
davichi11/my-spring-boot-project,5182,https://github.com/davichi11/my-spring-boot-project.git
N3LX/JYpm,553,https://github.com/N3LX/JYpm.git
davidmoten/rxjava-slf4j,164,https://github.com/davidmoten/rxjava-slf4j.git
joshlong/multiple-datasource-spring-apps,120,https://github.com/joshlong/multiple-datasource-spring-apps.git
mojodna/osm2orc,143,https://github.com/mojodna/osm2orc.git
jdillon/gossip,1227,https://github.com/jdillon/gossip.git
rvesse/lubm-uba,169,https://github.com/rvesse/lubm-uba.git
open-dingtalk/isv-demo-java,1762,https://github.com/open-dingtalk/isv-demo-java.git
UMN-PeopleSoft/IBMonitorService,9845,https://github.com/UMN-PeopleSoft/IBMonitorService.git
colinbut/sales-order-system,426,https://github.com/colinbut/sales-order-system.git
matthiaskoenig/cy3sbml,339581,https://github.com/matthiaskoenig/cy3sbml.git
gongxings/spring-cloud-study,620,https://github.com/gongxings/spring-cloud-study.git
BleethNie/Examples,3835,https://github.com/BleethNie/Examples.git
krux/java-stdlib,342,https://github.com/krux/java-stdlib.git
AmadeusITGroup/HttpSessionReplacer,505,https://github.com/AmadeusITGroup/HttpSessionReplacer.git
Team488/SeriouslyCommonLib,52009,https://github.com/Team488/SeriouslyCommonLib.git
byference/questionnaire,1451,https://github.com/byference/questionnaire.git
elennick/retry4j,276,https://github.com/elennick/retry4j.git
gchq/event-logging,931,https://github.com/gchq/event-logging.git
spirom/spark-data-sources,117,https://github.com/spirom/spark-data-sources.git
agsha/sharpc,13,https://github.com/agsha/sharpc.git
BimalTandel/HiveKudu-Handler,17776,https://github.com/BimalTandel/HiveKudu-Handler.git
davidmoten/rxjava-jdbc,1168,https://github.com/davidmoten/rxjava-jdbc.git
fntneves/falcon,10628,https://github.com/fntneves/falcon.git
draeger-lab/SBTabEditor,7383,https://github.com/draeger-lab/SBTabEditor.git
Nike-Inc/wingtips,1095,https://github.com/Nike-Inc/wingtips.git
monday-consulting/fsm-maven-plugin,65,https://github.com/monday-consulting/fsm-maven-plugin.git
dkorobtsov/LoggingInterceptor,17997,https://github.com/dkorobtsov/LoggingInterceptor.git
franzwong/til,335,https://github.com/franzwong/til.git
RTB4FREE/crosstalk,5539,https://github.com/RTB4FREE/crosstalk.git
GlenKPeterson/PdfLayoutManager,807,https://github.com/GlenKPeterson/PdfLayoutManager.git
Appdynamics/apache-monitoring-extension,2565,https://github.com/Appdynamics/apache-monitoring-extension.git
quanqinle/WebAndAppUITesting,11810,https://github.com/quanqinle/WebAndAppUITesting.git
Merck/rdf2x,121,https://github.com/Merck/rdf2x.git
robjg/oddjob,7666,https://github.com/robjg/oddjob.git
wonderomg/SpringData-mongdb,301,https://github.com/wonderomg/SpringData-mongdb.git
magicdude4eva/graylog-jira-alarmcallback,2395,https://github.com/magicdude4eva/graylog-jira-alarmcallback.git
Sybit-Education/airtable.java,9764,https://github.com/Sybit-Education/airtable.java.git
Naoghuman/lib-preferences,328,https://github.com/Naoghuman/lib-preferences.git
javacreed/java-fork-join-example,328,https://github.com/javacreed/java-fork-join-example.git
muquit/libsodium-jna,170,https://github.com/muquit/libsodium-jna.git
airbrake/javabrake,89,https://github.com/airbrake/javabrake.git
NCEAS/metacat,142477,https://github.com/NCEAS/metacat.git
broadinstitute/gatk,305586,https://github.com/broadinstitute/gatk.git
sensorsdata/ext-processor-sample,22,https://github.com/sensorsdata/ext-processor-sample.git
ethercis/ethercis,315004,https://github.com/ethercis/ethercis.git
justinscript/jweb,353,https://github.com/justinscript/jweb.git
Vedenin/useful-java-links,2216,https://github.com/Vedenin/useful-java-links.git
prakhar1989/csds-material,14723,https://github.com/prakhar1989/csds-material.git
dvoraka/av-service,3876,https://github.com/dvoraka/av-service.git
xiyuan-fengyu/JSpiderCluster,7499,https://github.com/xiyuan-fengyu/JSpiderCluster.git
vsch/Javafx-WebView-Debugger,746,https://github.com/vsch/Javafx-WebView-Debugger.git
dkorobtsov/plinter,19131,https://github.com/dkorobtsov/plinter.git
davidmoten/rxjava2-jdbc,1267,https://github.com/davidmoten/rxjava2-jdbc.git
CurrencyCloud/currencycloud-java,877,https://github.com/CurrencyCloud/currencycloud-java.git
imperva/domain-directory-controller,165,https://github.com/imperva/domain-directory-controller.git
fancyerii/knowledge-distillation,66929,https://github.com/fancyerii/knowledge-distillation.git
copper-leaf/clog,355,https://github.com/copper-leaf/clog.git
CiscoDevNet/stealthwatch-data-exporter,204,https://github.com/CiscoDevNet/stealthwatch-data-exporter.git
Qualtagh/JBroTable,3825,https://github.com/Qualtagh/JBroTable.git
Cetsoft/caudit,98,https://github.com/Cetsoft/caudit.git
jackuhan/TestFileAppendSpeed,33,https://github.com/jackuhan/TestFileAppendSpeed.git
krux/tcp-stream-kafka-producer,104,https://github.com/krux/tcp-stream-kafka-producer.git
XeroAPI/Xero-Java,29586,https://github.com/XeroAPI/Xero-Java.git
limingval/seckill,24317,https://github.com/limingval/seckill.git
lewky/seckill,50,https://github.com/lewky/seckill.git
Naoghuman/lib-fxml,368,https://github.com/Naoghuman/lib-fxml.git
mgoellnitz/JFileSync3,1006,https://github.com/mgoellnitz/JFileSync3.git
eclecticlogic/eclectic-orc,161,https://github.com/eclecticlogic/eclectic-orc.git
clstoulouse/motu,29012,https://github.com/clstoulouse/motu.git
kenwdelong/stability-utils,299,https://github.com/kenwdelong/stability-utils.git
yaphone/itchat4j,747,https://github.com/yaphone/itchat4j.git
basecrm/basecrm-java,344,https://github.com/basecrm/basecrm-java.git
FortnoxAB/reactive-wizard,811,https://github.com/FortnoxAB/reactive-wizard.git
jzwx/kitty,139,https://github.com/jzwx/kitty.git
cubedb/cubedb,1785,https://github.com/cubedb/cubedb.git
AnghelLeonard/Hibernate-SpringBoot,25666,https://github.com/AnghelLeonard/Hibernate-SpringBoot.git
tmobile/casquatch,436,https://github.com/tmobile/casquatch.git
acoli-repo/conll-rdf,27130,https://github.com/acoli-repo/conll-rdf.git
Appdynamics/nginx-monitoring-extension,2209,https://github.com/Appdynamics/nginx-monitoring-extension.git
jeremybrooks/jinx,8193,https://github.com/jeremybrooks/jinx.git
andrehertwig/admintool,2092,https://github.com/andrehertwig/admintool.git
sormuras/modules,11703,https://github.com/sormuras/modules.git
mercadolibre/java-restclient,3741,https://github.com/mercadolibre/java-restclient.git
Nastel/TNT4J,4261,https://github.com/Nastel/TNT4J.git
guoyang1982/woodpecker-client,4583,https://github.com/guoyang1982/woodpecker-client.git
Sunybyjava/seckill,5609,https://github.com/Sunybyjava/seckill.git
yundianzixun/Spring-Boot-2.0-Mybatis-Druid,64,https://github.com/yundianzixun/Spring-Boot-2.0-Mybatis-Druid.git
Appdynamics/websphere-mq-monitoring-extension,43859,https://github.com/Appdynamics/websphere-mq-monitoring-extension.git
RADAR-base/MongoDb-Sink-Connector,485,https://github.com/RADAR-base/MongoDb-Sink-Connector.git
Sunybyjava/wenda,3825,https://github.com/Sunybyjava/wenda.git
Naoghuman/lib-i18n,752,https://github.com/Naoghuman/lib-i18n.git
scxwhite/hera,19798,https://github.com/scxwhite/hera.git
neoremind/app-on-yarn-demo,73,https://github.com/neoremind/app-on-yarn-demo.git
rayyq/Cinema,97,https://github.com/rayyq/Cinema.git
apereo/java-cas-client,1681,https://github.com/apereo/java-cas-client.git
sboesebeck/morphium,6221,https://github.com/sboesebeck/morphium.git
folio-org/folio-sample-modules,152,https://github.com/folio-org/folio-sample-modules.git
Jaspersoft/jrs-rest-java-client,5671,https://github.com/Jaspersoft/jrs-rest-java-client.git
jfree/jfreechart,18486,https://github.com/jfree/jfreechart.git
Scout24/appmon4j,570,https://github.com/Scout24/appmon4j.git
folio-org/raml-module-builder,6245,https://github.com/folio-org/raml-module-builder.git
Raven98/Neuedu,20713,https://github.com/Raven98/Neuedu.git
thenetcircle/data-misc-tools,561,https://github.com/thenetcircle/data-misc-tools.git
calebman/spring-boot-example,81,https://github.com/calebman/spring-boot-example.git
xpleaf/commons-rest-es,135,https://github.com/xpleaf/commons-rest-es.git
NullpoMino-X/NullpoMino,35076,https://github.com/NullpoMino-X/NullpoMino.git
Mararsh/MyBox,119214,https://github.com/Mararsh/MyBox.git
whimtrip/jwht-scrapper,612,https://github.com/whimtrip/jwht-scrapper.git
leslie-choi/tmall_SSM,159801,https://github.com/leslie-choi/tmall_SSM.git
neurord/stochdiff,32744,https://github.com/neurord/stochdiff.git
